[
    {
    "marca": "Hot Toys",
    "nombre": "Spider-Man",
    "precio": 3000,
    "stock": 14
    }  ,
    {
        "marca": "Hot Toys",
    "nombre": "Hellboy",
    "precio": 3120,
    "stock": 22
    } ,
    {
        "marca": "Hot Toys",
    "nombre": "Tony Stark",
    "precio": 4580,
    "stock": 17
    } ,
    {
        "marca": "Hot Toys",
    "nombre": "Black Panther",
    "precio": 2240,
    "stock": 10
    },
    {
        "marca": "Hot Toys",
    "nombre": "Batman",
    "precio": 3050,
    "stock": 30
    },
    {
        "marca": "Hot Toys",
    "nombre": "Captain America",
    "precio": 4800,
    "stock": 23
    },
    {
        "marca": "Hot Toys",
    "nombre": "Superman",
    "precio": 5000,
    "stock": 20
    }
]